term,context,English,TE-A (formal),TE-B (everyday native),TE-C (English in script),TE-recommended,HI-A (formal),HI-B (everyday native),HI-C (English in script),HI-recommended,KN-A (formal),KN-B (everyday native),KN-C (English in script),KN-recommended,owner-choice,note,sensitivity
lead,a business that may buy; not yet a customer,lead,సంభావ్య కొనుగోలుదారు,కొత్త పార్టీ,లీడ్,C,संभावित ग्राहक,नई पार्टी,लीड,C,ಸಂಭಾವ್ಯ ಗ್ರಾಹಕ,ಹೊಸ ಪಾರ್ಟಿ,ಲೀಡ್,C,,"'party' means customer in everyday trade talk, but may confuse; owner to decide",
enquiry,a customer asks about goods or price,enquiry,విచారణ,ధర/సరుకు గురించి అడగడం,ఎంక్వైరీ,C,पूछताछ,पूछ-ताछ का मैसेज,इन्क्वायरी,A,ವಿಚಾರಣೆ,ಕೇಳಿಕೆ,ಎನ್‌ಕ್ವೈರಿ,C,,"TE A 'విచారణ' also means investigation; HI 'पूछताछ' is already everyday. KN option A 'ವಿಚಾರಣೆ' is the native word but it can also mean a court or police inquiry, so the live text uses C 'ಎನ್‌ಕ್ವೈರಿ' (not switched); decide with the owner.",
quote,a priced offer sent to a customer,quote / quotation,ధర ప్రతిపాదన,రేటు చెప్పడం,కొటేషన్,C,दर प्रस्ताव,रेट बताना,कोटेशन,C,ಬೆಲೆ ಪ್ರಸ್ತಾವ,ರೇಟ್ ಹೇಳುವುದು,ಕೊಟೇಶನ್,C,,'quotation' is the usual trade word in all three languages,
draft,a message or quote prepared but NOT sent,draft,ముసాయిదా,ముందే రాసి పెట్టినది,డ్రాఫ్ట్,C,प्रारूप,लिखकर रखा मैसेज,ड्राफ़्ट,C,ಕರಡು,ಬರೆದಿಟ್ಟಿದ್ದು,ಡ್ರಾಫ್ಟ್,C,,must always read as 'not sent yet',
approve,the person says yes to a draft,approve,ఆమోదించండి,ఓకే చేయండి,అప్రూవ్ చేయండి,B,स्वीकृत करें,मंज़ूर करें,अप्रूव करें,B,ಅನುಮೋದಿಸಿ,ಒಪ್ಪಿಗೆ ಕೊಡಿ,ಅಪ್ರೂವ್ ಮಾಡಿ,B,,approving does not send anything; keep it distinct from 'consent',
discard / not now,dismiss a card for now,not now,తిరస్కరించండి,ఇప్పుడు వద్దు,డిస్కార్డ్,B,अस्वीकृत करें,अभी नहीं,डिस्कार्ड,B,ತಿರಸ್ಕರಿಸಿ,ಈಗ ಬೇಡ,ಡಿಸ್ಕಾರ್ಡ್,B,,,
order,goods the customer has agreed to buy,order,కొనుగోలు ఆదేశం,(no common native word),ఆర్డర్,C,आदेश,(no common native word),ऑर्डर,C,ಆದೇಶ,(no common native word),ಆರ್ಡರ್,C,,"A is a command, not a purchase order; people say 'order'",
follow-up,a reminder when nobody replies,follow-up,అనుసరణ,మళ్ళీ అడగడం,ఫాలో-అప్,C,अनुवर्ती कार्रवाई,दोबारा पूछना,फ़ॉलो-अप,C,ಅನುಸರಣೆ,ಮತ್ತೆ ಕೇಳುವುದು,ಫಾಲೋ-ಅಪ್,C,,'follow-up' is widely used by traders in all three,
money held,an advance still held after a cancelled order,money still held,నిలిపి ఉంచిన నగదు,మన దగ్గర ఉన్న డబ్బు,హోల్డ్‌లో ఉన్న డబ్బు,B,रोकी गई राशि,हमारे पास रुका पैसा,होल्ड पर पैसा,B,ತಡೆಹಿಡಿದ ಹಣ,ನಮ್ಮ ಬಳಿ ಇರುವ ಹಣ,ಹೋಲ್ಡ್‌ನಲ್ಲಿರುವ ಹಣ,B,,important and shown in amber: it must be unmistakable; test with real shop owners. OWNER/LEGAL-SENSITIVE: final wording must match the CA/lawyer's view. Do not finalise without their read.,OWNER/LEGAL-SENSITIVE
payment,money received from a customer,payment,చెల్లింపు,డబ్బు వచ్చింది,పేమెంట్,C,भुगतान,पैसा आना,पेमेंट,C,ಪಾವತಿ,ಹಣ ಬಂತು,ಪೇಮೆಂಟ್,C,,A forms are also understood everywhere. 'Received' versus 'paid' must stay exact; nothing may imply the system took or confirmed a payment. OWNER/LEGAL-SENSITIVE: final wording must match the CA/lawyer's view. Do not finalise without their read.,OWNER/LEGAL-SENSITIVE
advance,money paid before the goods are made,advance,ముందస్తు చెల్లింపు,ముందు ఇచ్చే డబ్బు,అడ్వాన్స్,C,अग्रिम राशि,(same as C),एडवांस,C,ಮುಂಗಡ ಹಣ,ಮುಂಗಡ,ಅಡ್ವಾನ್ಸ್,B,,"KN 'ಮುಂಗಡ' is already everyday, so recommended. Advance, deposit and booking amount can differ in legal and tax meaning; keep one word and use it everywhere. OWNER/LEGAL-SENSITIVE: final wording must match the CA/lawyer's view. Do not finalise without their read.",OWNER/LEGAL-SENSITIVE
balance,money still to be paid,balance due,మిగులు మొత్తం,బాకీ,బ్యాలెన్స్,B,शेष राशि,बाकी,बैलेंस,B,ಉಳಿಕೆ ಮೊತ್ತ,ಬಾಕಿ,ಬ್ಯಾಲೆನ್ಸ್,B,,,
refund,money given back to a customer,refund,తిరిగి చెల్లింపు,డబ్బు వెనక్కి ఇవ్వడం,రీఫండ్,B,धनवापसी,पैसे वापस करना,रिफ़ंड,B,ಮರುಪಾವತಿ,ಹಣ ವಾಪಸ್ ಕೊಡುವುದು,ರೀಫಂಡ್,B,,A refund is a money obligation: the word must not promise one or say the system paid it. OWNER/LEGAL-SENSITIVE: final wording must match the CA/lawyer's view. Do not finalise without their read.,OWNER/LEGAL-SENSITIVE
customer,the buyer,customer,వినియోగదారుడు,కస్టమర్ (పార్టీ),కస్టమర్,C,ग्राहक,ग्राहक (पार्टी),कस्टमर,A,ಗ್ರಾಹಕ,ಕಸ್ಟಮರ್,ಕಸ್ಟಮರ್,A,,HI/KN formal word is already everyday,
requirement,what the customer wants,requirement,అవసరాలు,కావలసినవి,రిక్వైర్‌మెంట్,B,आवश्यकता,ज़रूरत / क्या चाहिए,रिक्वायरमेंट,B,ಅಗತ್ಯ,ಬೇಕಾದದ್ದು,ರಿಕ್ವೈರ್‌ಮೆಂಟ್,B,,,
price list,the business's own list of rates,price list,ధరల పట్టిక,రేట్ల లిస్ట్,ప్రైస్ లిస్ట్,B,मूल्य सूची,रेट लिस्ट,प्राइस लिस्ट,B,ದರ ಪಟ್ಟಿ,ರೇಟ್ ಲಿಸ್ಟ್,ಪ್ರೈಸ್ ಲಿಸ್ಟ್,B,,'rate list' is what traders say,
invoice,a bill for goods,invoice / bill,చెల్లింపు పత్రం,బిల్లు,ఇన్‌వాయిస్,B,चालान,बिल,इनवॉइस,B,ಸರಕುಪಟ್ಟಿ,ಬಿಲ್,ಇನ್‌ವಾಯ್ಸ್,B,,HI 'चालान' is also a trade word for a delivery/invoice slip,
reply,the customer answers,reply,ప్రత్యుత్తరం,జవాబు,రిప్లై,B,प्रत्युत्तर,जवाब,रिप्लाई,B,ಪ್ರತ್ಯುತ್ತರ,ಉತ್ತರ,ರಿಪ್ಲೈ,B,,,
consent,a customer's permission to be contacted,consent,సమ్మతి,అనుమతి,కన్సెంట్,B,सहमति,इजाज़त,कंसेंट,B,ಸಮ್ಮತಿ,ಒಪ್ಪಿಗೆ,ಕನ್ಸೆಂಟ್,A,,KN: keep 'ಸಮ್ಮತಿ' for consent so it differs from 'ಒಪ್ಪಿಗೆ ಕೊಡಿ' (approve). Consent has a legal meaning under data-protection rules; do not soften it to 'ok' or 'permission'. OWNER/LEGAL-SENSITIVE: final wording must match the CA/lawyer's view. Do not finalise without their read.,OWNER/LEGAL-SENSITIVE
do-not-contact,a list of people who said no,do-not-contact list,సంప్రదించవద్దు జాబితా,మెసేజ్/ఫోన్ చేయకూడని వారి లిస్ట్,డూ-నాట్-కాంటాక్ట్ లిస్ట్,B,संपर्क न करें सूची,जिन्हें मैसेज/कॉल नहीं करना उनकी लिस्ट,डू-नॉट-कॉन्टैक्ट लिस्ट,B,ಸಂಪರ್ಕಿಸಬೇಡಿ ಪಟ್ಟಿ,ಕರೆ/ಮೆಸೇಜ್ ಮಾಡಬಾರದವರ ಲಿಸ್ಟ್,ಡು-ನಾಟ್-ಕಾಂಟ್ಯಾಕ್ಟ್ ಲಿಸ್ಟ್,B,,long but clear,
research,reading public pages about a lead,research,పరిశోధన,వివరాలు వెతకడం,రీసెర్చ్,B,अनुसंधान,जाँच-पड़ताल,रिसर्च,B,ಸಂಶೋಧನೆ,ವಿವರ ಹುಡುಕುವುದು,ರಿಸರ್ಚ್,B,,A forms mean scientific research,
assistant / agent,an AI team member,assistant (agent),సహాయకుడు,సహాయకులు,అసిస్టెంట్,C,प्रतिनिधि,सहायक,एजेंट,B,ಸಹಾಯಕ,ಸಹಾಯಕ,ಅಸಿಸ್ಟೆಂಟ್,C,,a product term; check it does not sound like a human employee,
main agent,the owner's assistant you talk to,main agent,ప్రధాన సహాయకుడు,మెయిన్ అసిస్టెంట్,మెయిన్ ఏజెంట్,B,मुख्य प्रतिनिधि,मुख्य सहायक,मेन एजेंट,B,ಮುಖ್ಯ ಸಹಾಯಕ,ಮುಖ್ಯ ಅಸಿಸ್ಟೆಂಟ್,ಮೇನ್ ಏಜೆಂಟ್,B,,,
team,the group of assistants,team,బృందం,జట్టు,టీమ్,C,दल,(same as C),टीम,C,ತಂಡ,ಟೀಮ್,ಟೀಮ್,A,,KN 'ತಂಡ' is everyday,
message,text sent to a customer,message,సందేశం,సమాచారం,మెసేజ్,C,संदेश,(same as C),मैसेज,C,ಸಂದೇಶ,ಮೆಸೇಜ್,ಮೆಸೇಜ್,B,,,
send / I sent it,the person says they sent it themselves,I sent it,పంపబడింది,పంపాను,సెండ్ చేశాను,B,प्रेषित,भेज दिया,सेंड किया,B,ರವಾನಿಸಲಾಗಿದೆ,ಕಳುಹಿಸಿದೆ,ಸೆಂಡ್ ಮಾಡಿದೆ,B,,the app itself sends nothing,
record (verb),write down that something happened,record,నమోదు చేయండి,రాసుకోండి,రికార్డ్ చేయండి,B,अभिलेखित करें,लिख लें,रिकॉर्ड करें,B,ದಾಖಲಿಸಿ,ಬರೆದುಕೊಳ್ಳಿ,ರೆಕಾರ್ಡ್ ಮಾಡಿ,B,,button: 'Record: payment received',
dispatched,goods have left,dispatched,రవాణా చేయబడింది,పంపించారు,డిస్పాచ్ అయింది,B,प्रेषित किया गया,माल भेज दिया,डिस्पैच हुआ,B,ರವಾನಿಸಲಾಗಿದೆ,ಸರಕು ಹೊರಟಿದೆ,ಡಿಸ್ಪ್ಯಾಚ್ ಆಯಿತು,B,,avoid mixing with 'message sent',
delivered,goods have arrived,delivered,అందజేయబడింది,చేరింది,డెలివరీ అయింది,C,वितरित,पहुँच गया,डिलीवर हो गया,B,ವಿತರಿಸಲಾಗಿದೆ,ತಲುಪಿದೆ,ಡೆಲಿವರಿ ಆಯಿತು,B,,,
closed,the order is finished,closed,ముగించబడింది,ముగిసింది,క్లోజ్ అయింది,B,समाप्त,बंद,क्लोज़,B,ಮುಕ್ತಾಯ,ಮುಗಿದಿದೆ,ಕ್ಲೋಸ್ ಆಯಿತು,B,,,
cancelled,the customer called it off,cancelled,రద్దు చేయబడింది,వద్దన్నారు,క్యాన్సిల్ అయింది,C,निरस्त,रद्द,कैंसल,B,ರದ್ದುಪಡಿಸಲಾಗಿದೆ,ರದ್ದಾಯಿತು,ಕ್ಯಾನ್ಸಲ್ ಆಯಿತು,B,,,
expired,the quote's time ran out,expired,గడువు తీరింది,గడువు అయిపోయింది,ఎక్స్‌పైర్ అయింది,B,समय-सीमा समाप्त,वक़्त ख़त्म हो गया,एक्सपायर,B,ಅವಧಿ ಮುಕ್ತಾಯವಾಗಿದೆ,ಅವಧಿ ಮುಗಿದಿದೆ,ಎಕ್ಸ್‌ಪೈರ್ ಆಯಿತು,B,,,
won (order closed),the order came through,won,విజయం,ఆర్డర్ దక్కింది,విన్,B,सफल,ऑर्डर मिला,विन,B,ಗೆಲುವು,ಆರ್ಡರ್ ಸಿಕ್ಕಿತು,ವಿನ್,B,,,
lost (order closed),the order went elsewhere,lost,ఓటమి,ఆర్డర్ చేజారింది,లాస్,B,असफल,हाथ से गया,लॉस,B,ಸೋಲು,ಆರ್ಡರ್ ಕೈತಪ್ಪಿತು,ಲಾಸ್,B,,,
GST,tax,GST,GST,GST,GST,C,GST,GST,GST,C,GST,GST,GST,C,,"keep in Latin letters. A tax term: keep it as GST, never translated or abbreviated differently. OWNER/LEGAL-SENSITIVE: final wording must match the CA/lawyer's view. Do not finalise without their read.",OWNER/LEGAL-SENSITIVE
total,sum,total,మొత్తం,మొత్తం,టోటల్,A,कुल योग,कुल,टोटल,B,ಒಟ್ಟು,ಒಟ್ಟು,ಟೋಟಲ್,A,,,
quantity,how many pieces,quantity,పరిమాణం,సంఖ్య,క్వాంటిటీ,B,मात्रा,कितना,क्वांटिटी,A,ಪ್ರಮಾಣ,ಸಂಖ್ಯೆ,ಕ್ವಾಂಟಿಟಿ,B,,'मात्रा' is everyday in trade,
rate / price,price per piece,rate,ధర,రేటు,ప్రైస్,B,दर,रेट,प्राइस,B,ದರ,ರೇಟ್,ಪ್ರೈಸ್,B,,,
valid until,the date a quote stops being valid,valid until,చెల్లుబాటు తేదీ,ఈ తేదీ వరకు,వ్యాలిడ్ తేదీ,B,मान्य तिथि,इस तारीख़ तक,वैलिड,B,ಮಾನ್ಯ ದಿನಾಂಕ,ಈ ದಿನಾಂಕದವರೆಗೆ,ವ್ಯಾಲಿಡ್,B,,,
sample data,made-up example data,sample data,నమూనా సమాచారం,ఉదాహరణ డేటా,శాంపిల్ డేటా,C,नमूना डेटा,उदाहरण डेटा,सैंपल डेटा,C,ಮಾದರಿ ಡೇಟಾ,ಉದಾಹರಣೆ ಡೇಟಾ,ಸ್ಯಾಂಪಲ್ ಡೇಟಾ,C,,badge on every screen,
settings,,settings,అమరికలు,సెట్టింగ్‌లు,సెట్టింగ్స్,C,विन्यास,सेटिंग,सेटिंग्स,C,ಹೊಂದಾಣಿಕೆಗಳು,ಸೆಟ್ಟಿಂಗ್ಸ್,ಸೆಟ್ಟಿಂಗ್‌ಗಳು,C,,,
sign in,,sign in,ప్రవేశించండి,లాగిన్,సైన్ ఇన్,B,प्रवेश करें,लॉग इन,साइन इन,B,ಪ್ರವೇಶಿಸಿ,ಲಾಗಿನ್,ಸೈನ್ ಇನ್,B,,'login' is what people say,
password,,password,సంకేత పదం,పాస్‌వర్డ్,పాస్‌వర్డ్,C,कूटशब्द,पासवर्ड,पासवर्ड,C,ಗುಪ್ತಪದ,ಪಾಸ್‌ವರ್ಡ್,ಪಾಸ್‌ವರ್ಡ್,C,,,
e-mail,,e-mail,ఇ-తపాలా,ఈమెయిల్,ఇ-మెయిల్,B,विद्युत डाक,ईमेल,ई-मेल,B,ವಿದ್ಯುನ್ಮಾನ ಅಂಚೆ,ಇಮೇಲ್,ಇ-ಮೇಲ್,B,,,
6-digit code,second sign-in step,6-digit code,ఆరు అంకెల సంకేతం,6 అంకెల కోడ్,6 డిజిట్ కోడ్,B,छह अंकों का संकेत,6 अंकों का कोड,6 डिजिट कोड,B,ಆರು ಅಂಕಿಯ ಸಂಕೇತ,6 ಅಂಕಿಯ ಕೋಡ್,6 ಡಿಜಿಟ್ ಕೋಡ್,B,,,
verify,,verify / check,ధృవీకరించండి,సరిచూడండి,వెరిఫై చేయండి,B,सत्यापित करें,जाँच लें,वेरिफ़ाई करें,B,ಪರಿಶೀಲಿಸಿ,ಚೆಕ್ ಮಾಡಿ,ವೆರಿಫೈ ಮಾಡಿ,B,,,
workspace,the business's account in the app,workspace,కార్యస్థలం,మీ ఖాతా,వర్క్‌స్పేస్,B,कार्यक्षेत्र,आपका खाता,वर्कस्पेस,B,ಕಾರ್ಯಕ್ಷೇತ್ರ,ನಿಮ್ಮ ಖಾತೆ,ವರ್ಕ್‌ಸ್ಪೇಸ್,B,,"The recommended 'your account' (ఖాతా / खाता / ಖಾತೆ) also means a bank or ledger account, so it can be misread. OWNER/LEGAL-SENSITIVE: final wording must match the CA/lawyer's view. Do not finalise without their read.",OWNER/LEGAL-SENSITIVE
owner,the business owner,owner,యజమాని,ఓనర్,ఓనర్,A,स्वामी,मालिक,ओनर,B,ಮಾಲೀಕ,ಓನರ್,ಓನರ್,A,,,
early access,invitation-only start,early access,ముందస్తు ప్రవేశం,ముందే వాడే అవకాశం,ఎర్లీ యాక్సెస్,B,प्रारंभिक पहुँच,पहले इस्तेमाल का मौका,अर्ली एक्सेस,B,ಮುಂಚಿನ ಪ್ರವೇಶ,ಮೊದಲೇ ಬಳಸುವ ಅವಕಾಶ,ಅರ್ಲಿ ಆಕ್ಸೆಸ್,B,,the main button's label: test it,
privacy,,privacy,గోప్యత,మీ వివరాలు భద్రం,ప్రైవసీ,C,गोपनीयता,आपकी जानकारी सुरक्षित,प्राइवेसी,C,ಗೌಪ್ಯತೆ,ನಿಮ್ಮ ವಿವರ ಸುರಕ್ಷಿತ,ಪ್ರೈವಸಿ,C,,,
language,,language,భాష,భాష,లాంగ్వేజ్,A,भाषा,भाषा,लैंग्वेज,A,ಭಾಷೆ,ಭಾಷೆ,ಲ್ಯಾಂಗ್ವೇಜ್,A,,,
today,screen name,today,ఈ దినం,ఈరోజు,టుడే,B,आज,आज,टुडे,A,ಇಂದು,ಇವತ್ತು,ಟುಡೇ,B,,,
integrations,connections to other tools,integrations,అనుసంధానాలు,కనెక్షన్లు,ఇంటిగ్రేషన్లు,B,एकीकरण,कनेक्शन,इंटीग्रेशन,B,ಏಕೀಕರಣ,ಕನೆಕ್ಷನ್‌ಗಳು,ಇಂಟಿಗ್ರೇಷನ್,B,,,
WhatsApp,,WhatsApp,(none),వాట్సాప్,WhatsApp,B,(none),वॉट्सऐप,WhatsApp,C,(none),ವಾಟ್ಸಾಪ್,WhatsApp,B,,"native script in TE/KN, Latin in HI: owner to confirm",
AI usage,daily AI spend meter,AI usage,కృత్రిమ మేధ వినియోగం,AI వాడకం,ఏఐ యూసేజ్,B,कृत्रिम बुद्धिमत्ता उपयोग,AI का इस्तेमाल,एआई यूसेज,B,ಕೃತಕ ಬುದ್ಧಿಮತ್ತೆ ಬಳಕೆ,AI ಬಳಕೆ,ಎಐ ಯೂಸೇಜ್,B,,,
"suggested, not verified",a state: guessed but unchecked,"suggested, not verified","సూచించబడింది, ధృవీకరించబడలేదు","అంచనా, ఇంకా సరిచూడలేదు","సజెస్టెడ్, వెరిఫై కాలేదు",B,"सुझाया गया, सत्यापित नहीं","अंदाज़ा है, अभी जाँचा नहीं","सजेस्टेड, वेरिफ़ाइड नहीं",B,"ಸೂಚಿಸಲಾಗಿದೆ, ಪರಿಶೀಲಿಸಿಲ್ಲ","ಅಂದಾಜು, ಇನ್ನೂ ಚೆಕ್ ಮಾಡಿಲ್ಲ","ಸಜೆಸ್ಟೆಡ್, ವೆರಿಫೈ ಆಗಿಲ್ಲ",B,,must keep the honesty: it is a guess,
source (evidence),where a fact came from,source,ఆధారం,ఎక్కడ చూశాం,సోర్స్,A,स्रोत,कहाँ से मिला,सोर्स,B,ಆಧಾರ,ಎಲ್ಲಿಂದ ಸಿಕ್ಕಿತು,ಸೋರ್ಸ್,B,,,
search,,search,అన్వేషణ,వెతకండి,సెర్చ్,B,खोज,ढूँढें,सर्च,B,ಹುಡುಕಾಟ,ಹುಡುಕಿ,ಸರ್ಚ್,B,,,
trade directory,a public list of businesses,trade directory,వాణిజ్య డైరెక్టరీ,వ్యాపారుల లిస్ట్,ట్రేడ్ డైరెక్టరీ,C,व्यापार निर्देशिका,व्यापारियों की डायरेक्टरी,ट्रेड डायरेक्टरी,C,ವ್ಯಾಪಾರ ನಿರ್ದೇಶಿಕೆ,ವ್ಯಾಪಾರಿಗಳ ಲಿಸ್ಟ್,ಟ್ರೇಡ್ ಡೈರೆಕ್ಟರಿ,C,,,
coming soon,not built yet,coming soon / not available yet,త్వరలో లభ్యం,త్వరలో వస్తుంది,కమింగ్ సూన్,B,शीघ्र उपलब्ध,जल्द आ रहा है,कमिंग सून,B,ಶೀಘ್ರದಲ್ಲೇ ಲಭ್ಯ,ಬೇಗ ಬರುತ್ತದೆ,ಕಮಿಂಗ್ ಸೂನ್,B,,"must stay honest: 'not built yet', not a promise of a date",
"Draft, not sent (badge)",on every draft,"Draft, not sent","ముసాయిదా, పంపబడలేదు","డ్రాఫ్ట్, ఇంకా పంపలేదు","డ్రాఫ్ట్, సెండ్ కాలేదు",B,"प्रारूप, भेजा नहीं गया","ड्राफ़्ट, अभी भेजा नहीं","ड्राफ़्ट, सेंड नहीं हुआ",B,"ಕರಡು, ಕಳುಹಿಸಿಲ್ಲ","ಡ್ರಾಫ್ಟ್, ಇನ್ನೂ ಕಳುಹಿಸಿಲ್ಲ","ಡ್ರಾಫ್ಟ್, ಸೆಂಡ್ ಆಗಿಲ್ಲ",B,,safety-critical wording,
needs you,a card waits for a decision,needs you,మీ అవసరం ఉంది,మీరు చూడాలి,నీడ్స్ యూ,B,आपकी आवश्यकता है,आपको देखना है,नीड्स यू,B,ನಿಮ್ಮ ಅಗತ್ಯವಿದೆ,ನೀವು ನೋಡಬೇಕು,ನೀಡ್ಸ್ ಯೂ,B,,,
history,list of what happened,history,చరిత్ర,ఇప్పటివరకు జరిగినది,హిస్టరీ,C,इतिहास,अब तक क्या हुआ,हिस्ट्री,C,ಇತಿಹಾಸ,ಇಲ್ಲಿಯವರೆಗೆ ಏನಾಯಿತು,ಹಿಸ್ಟರಿ,C,,,
